진료년월,요양기관소재지구분,계,서울,부산,인천,대구,광주,대전,울산,경기,강원,충북,충남,전북,전남,경북,경남,제주,세종
2012년 01월,환자수,"4,515,711","878,429","325,183","217,302","212,811","139,033","159,718","114,357","1,022,940","143,695","139,729","216,858","189,181","188,270","245,815","320,221","53,702",-
2012년 01월,내원일수,"6,946,070","1,349,279","509,508","328,696","325,112","214,119","240,916","180,546","1,571,187","212,450","202,631","322,817","284,832","285,677","357,371","480,666","80,263",-
2012년 02월,환자수,"4,508,999","885,261","294,218","219,221","235,546","137,289","138,903","119,216","1,028,227","134,879","132,149","198,437","187,418","182,213","268,983","326,169","61,135",-
2012년 02월,내원일수,"7,051,277","1,383,401","465,014","338,939","372,136","211,491","210,680","192,608","1,603,306","202,556","194,425","299,724","291,735","281,606","407,213","502,163","94,280",-
2012년 03월,환자수,"4,825,529","973,007","317,322","251,350","228,093","139,240","166,908","124,749","1,182,611","141,569","141,750","222,162","182,774","174,488","245,678","314,563","61,192",-
2012년 03월,내원일수,"7,688,446","1,553,372","507,621","400,364","362,146","219,803","260,091","205,739","1,902,323","216,342","211,864","340,874","286,333","269,397","373,262","484,785","94,130",-
2012년 04월,환자수,"4,492,697","897,126","309,024","235,248","218,650","135,100","154,567","115,578","1,075,448","134,741","130,529","206,796","178,919","159,223","228,296","300,966","53,148",-
2012년 04월,내원일수,"7,105,434","1,423,679","492,251","375,040","345,889","212,067","237,165","187,098","1,709,512","204,685","194,230","316,475","280,203","242,081","343,985","461,226","79,848",-
2012년 05월,환자수,"3,902,801","781,723","272,998","202,295","179,704","120,770","135,174","104,861","940,287","114,781","111,914","174,033","152,366","141,499","189,481","272,371","47,332",-
2012년 05월,내원일수,"6,167,518","1,241,076","435,167","320,761","282,161","190,194","207,532","169,357","1,488,054","173,730","166,141","266,982","238,155","215,925","284,286","417,324","70,669",-
2012년 06월,환자수,"2,935,502","591,842","192,403","151,228","135,191","87,087","107,025","76,792","726,868","86,905","84,581","133,579","110,122","102,773","141,202","197,781","36,164",-
2012년 06월,내원일수,"4,566,217","922,595","301,136","235,747","211,050","135,123","163,500","121,775","1,132,324","129,368","124,843","200,938","169,965","154,469","210,602","299,467","53,207",-
2012년 07월,환자수,"2,545,287","518,067","159,948","133,341","117,098","78,943","90,776","65,589","650,208","74,068","73,788","109,217","95,381","86,388","121,890","164,295","31,727","4,053"
2012년 07월,내원일수,"3,973,329","806,206","250,947","209,397","181,150","123,966","137,409","103,402","1,018,953","108,900","109,416","164,039","148,884","129,707","179,963","248,573","46,673","5,744"
2012년 08월,환자수,"2,407,199","485,272","156,168","123,222","109,578","77,522","84,933","60,950","609,972","73,676","70,870","103,040","92,577","85,042","113,525","155,402","32,615","4,386"
2012년 08월,내원일수,"3,654,778","728,050","239,188","185,517","167,598","120,124","124,690","93,950","920,874","106,697","101,337","151,104","139,868","127,800","162,416","230,809","48,477","6,279"
2012년 09월,환자수,"3,747,285","752,215","230,789","197,175","172,165","124,670","140,815","94,167","970,413","105,571","114,045","165,385","143,409","120,608","169,731","229,185","42,545","7,284"
2012년 09월,내원일수,"5,844,419","1,171,521","355,370","307,648","270,837","194,397","215,610","148,731","1,525,839","158,852","169,283","251,632","222,570","180,710","251,951","345,318","63,229","10,921"
2012년 10월,환자수,"4,161,103","804,430","288,051","205,719","207,968","133,651","149,573","112,188","992,999","121,461","125,163","184,005","169,188","154,792","213,973","282,278","48,977","8,420"
2012년 10월,내원일수,"6,464,772","1,249,103","448,752","318,896","324,698","207,801","227,065","179,034","1,548,708","181,701","183,708","278,063","262,177","231,665","314,666","423,023","73,544","12,168"
2012년 11월,환자수,"4,061,214","804,657","272,669","209,022","193,859","123,266","144,303","103,988","992,666","116,854","120,492","178,121","165,742","147,532","197,098","265,589","48,280","8,121"
2012년 11월,내원일수,"6,339,311","1,261,354","426,111","327,729","303,999","192,817","220,585","165,923","1,564,153","175,764","178,112","271,540","256,892","221,957","289,196","399,755","71,604","11,820"
2012년 12월,환자수,"3,763,595","741,741","252,183","195,631","177,454","121,327","132,150","97,605","907,571","110,712","110,274","161,092","153,148","147,289","180,460","249,563","49,241","7,187"
2012년 12월,내원일수,"5,754,111","1,136,341","389,341","298,100","271,987","188,970","197,108","152,841","1,394,703","162,933","159,328","238,664","233,349","218,339","260,113","368,509","73,088","10,397"
2013년 01월,환자수,"4,025,442","832,835","263,497","197,667","184,719","122,965","142,117","101,545","959,339","117,819","117,027","183,330","162,475","155,146","199,700","259,640","52,008","7,936"
2013년 01월,내원일수,"6,164,210","1,276,069","408,815","297,612","284,882","192,726","213,135","159,377","1,465,255","174,515","169,908","272,378","248,703","236,300","288,939","385,899","78,402","11,295"
2013년 02월,환자수,"4,124,781","772,293","301,639","194,176","199,330","148,503","144,957","114,521","935,402","114,960","122,858","185,458","173,220","175,832","221,733","300,719","50,706","7,935"
2013년 02월,내원일수,"6,240,981","1,167,176","461,291","290,985","303,035","226,200","215,018","177,631","1,412,389","168,064","176,360","272,664","261,652","262,730","320,077","440,823","73,878","10,945"
2013년 03월,환자수,"4,460,204","880,950","293,641","225,275","213,910","140,514","156,469","119,074","1,079,390","136,085","132,583","203,184","179,742","166,816","224,498","282,711","53,265","8,722"
2013년 03월,내원일수,"6,945,678","1,374,548","460,146","350,150","334,791","220,395","236,705","189,972","1,687,143","205,893","196,424","309,108","277,682","256,062","330,885","423,466","79,780","12,416"
2013년 04월,환자수,"4,338,749","880,233","283,411","220,107","199,470","140,100","154,108","112,757","1,056,505","132,223","126,450","196,882","173,667","158,488","208,724","269,605","52,040","8,650"
2013년 04월,내원일수,"6,798,057","1,388,164","446,858","345,201","310,928","221,300","235,540","181,398","1,663,381","200,227","187,907","301,075","270,173","241,854","308,660","406,215","76,752","12,402"
2013년 05월,환자수,"3,668,718","751,833","233,185","191,727","163,888","120,747","134,457","92,362","914,474","109,744","104,833","164,073","145,565","132,981","165,412","225,206","43,510","7,283"
2013년 05월,내원일수,"5,713,807","1,178,229","364,524","300,059","252,332","188,486","204,154","147,953","1,424,828","164,918","155,958","248,870","225,735","202,512","242,183","339,354","63,344","10,368"
2013년 06월,환자수,"2,863,947","589,382","171,733","154,296","124,235","89,707","104,922","73,400","740,123","83,310","82,216","127,440","114,532","98,155","126,550","171,383","34,685","5,831"
2013년 06월,내원일수,"4,475,503","926,692","268,235","241,788","191,896","141,521","159,021","117,147","1,155,488","125,452","123,248","193,136","179,316","149,658","186,781","257,377","50,403","8,344"
2013년 07월,환자수,"2,631,503","549,627","157,056","138,127","116,629","82,049","94,746","68,916","683,977","76,050","78,006","113,017","103,391","89,131","121,352","153,522","31,150","5,499"
2013년 07월,내원일수,"4,126,069","861,146","246,864","216,288","179,365","130,490","144,018","110,192","1,069,202","113,130","117,150","171,929","163,128","138,473","179,375","231,686","45,458","8,175"
2013년 08월,환자수,"2,584,208","539,384","160,850","136,777","113,297","79,755","91,288","67,090","670,416","76,592","75,355","111,260","100,488","89,387","115,699","153,817","33,280","5,011"
2013년 08월,내원일수,"3,986,202","827,217","248,499","209,525","174,045","125,525","135,008","105,792","1,028,523","111,518","109,636","164,932","155,332","136,289","168,564","230,094","48,564","7,139"
2013년 09월,환자수,"3,707,552","743,187","230,889","195,275","173,621","117,420","139,164","95,287","958,871","102,231","114,445","162,418","148,656","123,537","171,005","226,497","38,822","7,398"
2013년 09월,내원일수,"5,716,152","1,143,301","355,937","299,769","266,591","180,190","208,448","149,987","1,486,268","150,448","167,835","242,264","228,832","184,122","248,354","337,502","55,725","10,579"
2013년 10월,환자수,"3,952,311","788,971","264,207","205,410","186,426","119,313","139,242","106,868","975,356","114,056","116,930","169,870","157,124","134,844","192,985","257,482","46,980","7,882"
2013년 10월,내원일수,"6,109,508","1,228,909","409,518","317,750","286,844","183,871","210,546","167,548","1,518,123","172,857","170,540","254,533","241,524","200,323","281,362","385,498","68,433","11,329"
2013년 11월,환자수,"4,058,910","820,800","275,642","209,800","190,195","122,589","145,348","108,567","991,930","113,336","114,193","171,623","163,313","141,618","196,689","267,712","50,057","7,760"
2013년 11월,내원일수,"6,332,739","1,289,270","434,109","329,067","297,583","190,273","221,637","172,297","1,558,382","172,710","166,254","259,610","252,373","210,752","289,451","404,751","73,287","10,933"
2013년 12월,환자수,"3,824,960","768,340","271,988","191,683","178,143","119,709","127,274","104,467","912,136","104,127","104,826","159,259","164,598","145,317","187,067","263,735","46,281","6,957"
2013년 12월,내원일수,"5,881,520","1,193,214","419,423","291,846","272,202","185,033","190,021","162,817","1,412,992","155,679","152,219","236,368","253,085","217,211","271,422","390,778","67,397","9,660"
2014년 01월,환자수,"4,294,995","880,954","298,012","219,085","195,298","139,169","141,983","116,373","1,017,226","118,002","118,413","178,062","184,893","164,385","217,284","283,719","57,148","7,929"
2014년 01월,내원일수,"6,517,661","1,340,441","456,622","326,164","295,080","211,509","209,549","178,971","1,539,810","172,902","170,933","261,105","285,667","244,479","312,091","416,893","84,486","10,959"
2014년 02월,환자수,"5,001,125","1,006,375","303,149","266,946","233,373","154,339","180,179","118,420","1,235,669","138,141","158,662","228,564","200,002","177,432","258,892","321,572","55,468","9,975"
2014년 02월,내원일수,"7,603,468","1,541,117","463,248","402,596","353,216","230,646","269,207","179,372","1,882,568","201,848","230,361","339,827","305,316","263,404","373,393","473,162","80,455","13,732"
2014년 03월,환자수,"4,236,963","841,457","286,765","209,513","193,241","130,780","149,730","114,345","1,033,492","128,633","122,337","186,930","167,870","152,314","216,633","278,302","50,089","8,549"
2014년 03월,내원일수,"6,571,542","1,309,632","449,482","321,537","297,421","203,537","226,264","183,797","1,612,743","194,856","179,098","280,478","258,516","229,370","320,401","418,165","74,153","12,092"
2014년 04월,환자수,"4,086,282","825,264","278,962","206,088","192,899","128,505","140,016","118,552","999,120","116,882","110,280","169,486","158,050","139,965","207,739","273,437","45,821","8,597"
2014년 04월,내원일수,"6,474,353","1,319,979","444,686","324,881","302,096","202,330","214,773","193,529","1,598,279","179,477","164,963","259,912","248,347","211,517","311,806","417,150","67,713","12,915"
2014년 05월,환자수,"3,532,068","712,811","234,816","180,595","157,185","114,678","122,845","97,389","878,813","102,472","96,675","151,758","143,193","125,197","172,990","226,931","41,745","7,971"
2014년 05월,내원일수,"5,484,534","1,111,867","366,294","276,677","241,395","177,866","183,893","156,749","1,366,883","154,200","142,551","227,838","220,825","188,589","254,598","341,579","60,760","11,970"
2014년 06월,환자수,"2,740,955","562,174","178,229","143,487","118,666","87,648","94,773","76,592","700,970","76,787","73,616","115,278","107,254","91,950","128,425","172,006","32,634","6,310"
2014년 06월,내원일수,"4,223,784","873,742","276,261","218,876","180,722","134,223","140,138","120,922","1,085,461","115,004","107,190","171,719","163,721","137,081","187,046","255,506","46,588","9,584"
2014년 07월,환자수,"2,760,550","576,880","172,128","142,111","119,590","88,597","95,946","77,315","715,335","75,719","74,903","115,446","109,660","89,046","124,381","174,031","32,767","6,468"
2014년 07월,내원일수,"4,262,273","895,242","264,415","217,607","181,951","137,667","142,067","120,677","1,108,528","112,118","109,091","172,115","170,716","133,032","180,341","260,289","46,808","9,609"
2014년 08월,환자수,"2,555,182","529,900","157,906","134,092","111,677","82,581","94,721","63,450","659,069","74,227","71,865","110,051","104,641","82,475","116,706","152,515","32,739","6,623"
2014년 08월,내원일수,"3,798,021","788,545","235,843","196,169","165,317","125,511","136,138","94,485","976,419","105,441","101,022","157,901","157,290","118,998","163,339","219,763","46,195","9,645"
2014년 09월,환자수,"3,508,892","714,864","216,375","181,591","156,188","112,802","131,274","87,407","899,812","97,370","103,424","151,576","145,677","112,444","163,677","220,352","38,773","10,060"
2014년 09월,내원일수,"5,321,326","1,084,571","325,731","272,165","234,049","171,448","193,723","133,205","1,375,567","143,242","151,022","222,622","223,604","163,613","233,564","323,434","54,525","15,241"
2014년 10월,환자수,"3,952,559","831,239","252,250","210,175","176,156","125,482","140,329","99,792","999,376","111,552","110,202","164,601","155,280","121,327","184,355","247,406","44,439","11,063"
2014년 10월,내원일수,"6,042,758","1,273,593","386,854","319,209","267,200","193,367","207,512","155,292","1,542,399","165,264","160,605","242,666","237,111","177,350","266,978","366,861","63,648","16,849"
2014년 11월,환자수,"4,446,311","898,903","293,721","229,795","203,621","137,571","156,804","119,941","1,104,667","121,924","125,899","187,707","181,803","147,761","212,901","290,796","54,502","12,142"
2014년 11월,내원일수,"6,782,043","1,375,411","451,616","348,043","308,503","210,814","232,446","187,156","1,703,194","179,866","183,350","277,016","275,349","215,112","306,504","429,685","79,291","18,687"
2014년 12월,환자수,"4,309,071","830,186","301,239","212,062","201,343","135,524","145,116","120,990","1,023,615","129,708","124,220","183,928","177,796","160,704","224,151","304,879","56,524","12,492"
2014년 12월,내원일수,"6,582,968","1,274,993","466,674","321,378","303,981","208,365","214,660","188,744","1,574,760","192,722","179,839","271,483","268,485","236,997","322,465","455,614","82,369","19,439"
2015년 01월,환자수,"3,793,311","769,935","263,836","184,149","169,881","121,389","125,229","102,872","890,699","111,689","105,727","165,003","156,637","144,121","191,292","264,691","49,009","11,396"
2015년 01월,내원일수,"5,771,276","1,175,433","406,668","275,499","256,813","186,823","184,414","158,530","1,354,921","164,702","152,869","242,070","237,210","216,017","274,504","394,317","72,624","17,702"
2015년 02월,환자수,"3,950,181","778,162","284,373","184,807","174,725","142,036","133,247","108,194","931,151","107,261","109,462","169,140","164,919","167,420","194,441","281,238","47,790","12,171"
2015년 02월,내원일수,"5,875,146","1,156,529","428,064","270,284","257,573","212,555","192,693","162,726","1,380,428","153,656","155,730","243,418","244,889","246,861","274,258","408,933","68,060","18,380"
2015년 03월,환자수,"4,512,441","874,442","297,095","222,051","205,960","140,490","161,728","121,419","1,084,977","139,796","139,326","204,251","186,864","163,418","231,698","296,092","60,416","17,231"
2015년 03월,내원일수,"6,949,912","1,346,994","463,493","337,154","313,924","216,635","241,467","191,377","1,673,177","212,381","206,545","305,372","289,966","248,127","341,283","443,957","90,446","27,538"
2015년 04월,환자수,"4,178,506","840,095","278,711","205,808","189,203","136,141","145,572","111,500","1,012,204","124,525","122,020","181,593","166,272","148,290","201,678","277,896","55,548","15,448"
2015년 04월,내원일수,"6,484,827","1,309,533","437,702","317,104","289,893","212,291","219,009","177,253","1,575,970","188,314","180,526","272,648","256,648","224,248","296,217","419,732","83,112","24,624"
2015년 05월,환자수,"3,433,768","683,072","238,296","172,038","151,203","110,916","120,649","93,740","844,682","96,655","97,295","147,049","141,851","123,558","158,728","233,186","44,615","12,517"
2015년 05월,내원일수,"5,291,500","1,051,518","369,667","262,817","228,855","169,616","179,193","148,517","1,306,614","143,581","143,749","218,510","218,291","185,246","231,864","348,798","65,134","19,529"
2015년 06월,환자수,"2,586,036","497,862","183,151","134,398","118,874","81,120","77,960","77,605","603,555","74,027","73,419","108,194","110,461","98,095","130,265","188,932","35,571","9,394"
2015년 06월,내원일수,"3,919,473","753,427","287,359","202,471","180,013","123,321","112,921","122,441","902,617","110,293","107,269","158,795","168,550","147,887","190,789","284,518","52,433","14,366"
2015년 07월,환자수,"2,140,641","405,816","143,403","111,070","93,731","69,726","69,820","65,478","527,882","61,546","62,333","89,539","88,364","76,912","102,789","155,948","27,926","8,167"
2015년 07월,내원일수,"3,230,938","607,587","220,344","166,093","138,561","107,683","100,362","102,389","791,558","91,177","90,356","130,565","135,741","115,935","147,494","232,466","40,061","12,565"
2015년 08월,환자수,"2,365,979","471,914","143,136","122,114","98,840","76,906","81,496","62,221","631,421","66,834","68,569","99,582","98,820","78,586","104,411","150,616","30,021","9,653"
2015년 08월,내원일수,"3,561,792","705,934","216,762","178,866","145,426","117,074","117,196","94,866","952,337","96,267","98,872","145,562","150,512","116,243","146,994","221,776","42,283","14,820"
2015년 09월,환자수,"3,572,615","708,591","219,245","183,636","161,174","114,942","126,207","94,467","944,359","96,942","106,454","151,638","139,678","109,574","166,144","228,666","40,014","15,380"
2015년 09월,내원일수,"5,489,959","1,088,827","335,038","278,746","242,580","176,553","186,871","146,857","1,466,849","143,427","157,504","226,560","216,226","160,391","241,568","339,898","57,657","24,407"
2015년 10월,환자수,"3,756,829","732,030","255,168","189,416","172,382","119,282","128,031","106,852","931,905","105,794","108,133","159,153","150,810","123,822","183,141","259,093","45,949","15,822"
2015년 10월,내원일수,"5,694,989","1,107,535","393,500","281,425","259,982","182,120","188,271","167,149","1,417,308","157,306","156,699","233,931","229,072","181,686","263,836","383,224","67,327","24,618"
2015년 11월,환자수,"3,790,961","774,122","241,001","200,779","167,070","111,425","128,908","103,080","965,594","104,058","105,542","159,040","148,966","126,208","175,133","247,243","45,310","15,678"
2015년 11월,내원일수,"5,724,089","1,169,239","367,304","299,286","249,651","168,716","188,877","158,932","1,469,725","153,595","153,051","231,980","224,198","183,651","250,940","364,517","65,827","24,598"
2015년 12월,환자수,"4,277,155","851,337","288,994","230,967","187,113","127,719","141,333","118,459","1,070,418","120,084","119,003","182,274","166,344","148,484","203,750","288,709","52,130","17,589"
2015년 12월,내원일수,"6,572,989","1,311,117","448,615","352,637","284,004","197,295","209,913","185,578","1,652,571","179,601","175,125","271,985","253,138","221,480","294,055","431,376","76,779","27,720"
2016년 01월,환자수,"3,896,683","746,706","266,604","197,879","178,607","118,512","127,814","107,273","937,007","120,149","114,143","168,196","152,702","149,993","200,416","280,068","47,951","15,459"
2016년 01월,내원일수,"5,848,539","1,123,486","406,802","291,612","268,019","177,649","186,269","164,246","1,405,824","177,044","162,871","244,436","226,669","223,628","285,045","411,336","70,139","23,464"
2016년 02월,환자수,"4,266,248","831,998","293,725","199,725","201,176","137,333","137,251","116,227","1,012,077","127,678","127,093","181,440","173,517","167,708","230,075","305,724","51,170","17,288"
2016년 02월,내원일수,"6,345,766","1,238,157","441,013","291,294","294,735","202,384","197,259","176,903","1,503,626","185,955","180,678","260,346","259,243","247,215","327,139","441,141","72,954","25,724"
2016년 03월,환자수,"4,191,659","835,507","267,751","207,123","178,692","132,895","138,974","113,682","1,049,698","123,831","118,806","179,053","169,565","154,280","207,049","271,051","55,065","19,620"
2016년 03월,내원일수,"6,506,018","1,304,547","415,874","316,224","270,656","207,047","208,192","179,869","1,647,879","190,011","175,982","267,535","263,818","234,689","303,346","407,651","81,486","31,212"
2016년 04월,환자수,"3,849,838","806,268","252,824","192,601","167,673","122,140","125,475","101,791","966,614","111,755","104,066","158,723","149,893","133,196","180,484","246,668","44,323","17,164"
2016년 04월,내원일수,"5,944,208","1,256,016","393,190","292,551","255,166","189,567","185,874","161,316","1,499,712","171,013","153,562","234,413","229,686","200,291","262,086","367,637","65,089","27,039"
2016년 05월,환자수,"3,355,424","689,286","216,391","171,259","148,195","108,598","110,952","87,329","842,586","99,537","93,523","139,037","134,183","120,569","157,010","213,103","41,459","15,232"
2016년 05월,내원일수,"5,137,205","1,055,367","335,553","257,969","224,936","169,238","162,680","136,461","1,289,900","150,499","137,783","203,584","204,198","182,118","226,333","316,011","60,424","24,151"
2016년 06월,환자수,"2,762,572","566,964","173,206","145,123","117,486","92,620","92,696","69,571","710,746","76,201","75,517","115,187","111,789","96,331","122,499","171,483","35,747","13,401"
2016년 06월,내원일수,"4,192,655","859,530","266,710","217,328","175,555","145,611","135,187","105,984","1,078,598","113,225","109,570","166,998","172,009","145,919","173,941","253,898","51,489","21,103"
2016년 07월,환자수,"2,569,211","522,235","163,195","130,693","111,772","78,960","88,964","67,946","681,743","71,630","72,306","104,967","100,262","82,860","114,974","158,048","31,983","13,005"
2016년 07월,내원일수,"3,905,658","790,231","251,749","196,039","168,886","120,517","129,114","106,340","1,033,325","106,216","105,719","152,550","155,798","124,145","163,900","235,246","45,548","20,335"
2016년 08월,환자수,"2,445,491","493,918","155,474","125,425","104,630","77,374","83,226","61,705","638,565","72,473","68,901","102,836","98,780","83,469","108,929","153,327","32,068","12,200"
2016년 08월,내원일수,"3,612,529","723,903","232,737","180,682","153,967","116,307","117,506","92,286","936,892","105,497","97,282","145,431","148,707","125,645","150,812","220,720","45,640","18,515"
2016년 09월,환자수,"3,092,436","605,268","199,648","153,597","138,007","101,640","109,003","78,777","800,732","90,462","89,009","133,096","124,119","104,062","142,854","200,505","34,681","15,369"
2016년 09월,내원일수,"4,562,187","889,987","296,155","222,608","202,292","152,044","154,397","116,408","1,183,408","132,166","127,398","189,246","184,920","151,272","199,285","287,457","49,274","23,299"
2016년 10월,환자수,"3,548,664","687,168","231,148","177,984","166,571","115,199","122,585","90,713","902,649","100,986","100,582","154,864","144,750","122,003","170,340","229,114","42,302","16,188"
2016년 10월,내원일수,"5,351,240","1,041,252","349,395","265,793","249,107","175,523","178,340","137,290","1,373,609","151,783","145,367","223,760","219,444","180,365","240,958","333,910","61,071","24,273"
2016년 11월,환자수,"3,888,766","756,582","248,563","196,150","172,551","122,853","132,707","97,636","1,012,237","110,910","107,749","165,257","159,939","135,977","184,640","248,478","47,431","17,003"
2016년 11월,내원일수,"5,899,579","1,152,879","380,018","295,074","260,305","186,999","193,836","150,509","1,546,897","168,158","157,717","239,501","241,616","202,770","263,224","365,958","68,816","25,302"
2016년 12월,환자수,"5,119,521","1,046,890","303,524","270,672","221,561","159,377","178,825","122,723","1,346,094","148,747","145,601","223,739","199,722","171,831","234,224","306,709","59,615","21,902"
2016년 12월,내원일수,"7,764,947","1,599,709","462,601","408,462","332,392","241,277","262,411","187,336","2,048,650","224,575","213,367","325,464","300,290","254,078","334,782","450,855","86,231","32,404"
2017년 01월,환자수,"3,500,465","672,480","245,045","167,364","156,278","118,337","117,006","97,320","831,540","103,866","97,728","151,103","141,529","140,430","181,182","246,131","48,520","14,583"
2017년 01월,내원일수,"5,134,086","986,842","366,111","240,296","229,104","175,198","166,259","143,601","1,215,011","150,559","137,090","212,652","207,652","206,728","252,785","353,477","69,966","20,755"
2017년 02월,환자수,"3,067,205","600,911","206,542","150,186","139,746","100,466","100,999","80,823","750,974","89,288","85,231","133,575","125,804","114,640","153,370","205,311","38,794","12,804"
2017년 02월,내원일수,"4,547,514","891,392","309,770","219,876","207,451","151,448","144,469","120,997","1,117,906","130,762","121,781","190,871","185,856","168,800","214,931","297,030","55,598","18,576"
2017년 03월,환자수,"3,870,723","759,129","256,656","196,656","166,632","132,242","129,138","95,550","984,889","110,756","102,626","170,137","159,297","141,347","181,769","243,632","50,083","17,400"
2017년 03월,내원일수,"5,892,104","1,154,162","394,987","297,533","252,880","203,805","189,347","147,997","1,510,284","166,320","149,674","249,625","244,685","210,861","259,377","360,789","74,229","25,549"
2017년 04월,환자수,"3,950,871","776,962","263,844","198,456","179,269","146,521","134,379","96,807","988,128","113,377","105,353","169,255","162,027","144,500","184,856","253,878","47,878","16,711"
2017년 04월,내원일수,"6,019,310","1,188,261","405,300","301,204","271,252","224,576","196,572","149,810","1,513,991","170,343","154,742","249,120","244,890","216,279","264,297","374,331","69,766","24,576"
2017년 05월,환자수,"3,349,096","647,032","226,104","171,816","152,367","115,617","114,108","85,035","845,110","97,642","89,748","145,123","136,713","124,299","158,283","215,755","44,095","14,232"
2017년 05월,내원일수,"5,050,360","969,121","345,024","257,413","229,909","178,059","165,766","130,956","1,270,896","143,493","131,086","212,207","205,556","185,806","225,306","315,484","63,878","20,400"
2017년 06월,환자수,"2,737,412","531,166","180,195","140,292","118,371","88,797","92,840","72,625","708,450","78,486","75,818","118,563","109,312","91,541","126,427","177,379","35,298","13,537"
2017년 06월,내원일수,"4,165,468","804,951","276,213","210,825","179,024","138,273","135,946","113,189","1,082,492","116,432","112,399","174,718","166,534","137,294","181,154","264,518","50,990","20,516"
2017년 07월,환자수,"2,448,564","479,736","158,380","127,982","103,862","77,765","82,800","65,161","650,952","68,296","66,276","104,589","92,725","79,633","108,932","161,315","32,042","12,288"
2017년 07월,내원일수,"3,704,752","724,265","239,767","191,404","155,585","120,009","120,326","101,327","982,862","98,577","97,844","152,183","141,348","120,060","155,782","239,547","45,359","18,507"
2017년 08월,환자수,"2,539,305","506,610","152,937","133,855","108,778","85,017","89,277","61,309","673,490","76,099","70,213","109,689","102,632","82,951","115,771","152,403","32,192","13,285"
2017년 08월,내원일수,"3,699,059","731,291","225,516","191,626","158,320","127,955","126,596","91,550","969,394","107,194","99,528","153,110","151,803","121,813","160,072","218,385","44,999","19,907"
2017년 09월,환자수,"3,447,299","693,594","201,284","178,948","146,280","111,290","121,115","80,123","938,839","98,359","97,245","150,486","131,054","107,666","153,848","206,492","38,015","18,593"
2017년 09월,내원일수,"5,233,904","1,052,122","305,711","268,748","221,644","171,661","178,264","122,569","1,429,432","145,866","143,949","220,270","200,249","161,938","221,679","307,228","54,180","28,394"
2017년 10월,환자수,"3,144,904","590,412","210,746","161,747","141,000","109,005","109,888","78,097","809,200","89,055","89,208","137,879","129,060","110,216","149,849","204,227","39,346","18,109"
2017년 10월,내원일수,"4,540,108","848,308","305,210","230,107","202,724","161,942","153,956","113,680","1,164,501","125,167","124,460","192,004","186,531","157,802","204,729","287,551","54,612","26,824"
2017년 11월,환자수,"3,969,496","764,424","263,606","205,830","174,015","131,897","132,197","102,295","1,023,581","110,980","108,352","168,875","153,152","138,629","185,753","262,150","49,688","22,012"
2017년 11월,내원일수,"6,011,059","1,159,942","401,063","309,274","261,744","200,966","192,150","156,763","1,560,084","165,864","158,255","246,614","230,393","207,542","264,589","388,145","72,503","35,168"
2017년 12월,환자수,"4,808,985","910,173","332,447","248,920","216,461","153,314","154,491","124,236","1,217,261","138,997","135,910","209,895","175,926","170,378","244,049","332,560","57,989","24,776"
2017년 12월,내원일수,"7,127,913","1,349,864","498,378","364,222","316,819","228,521","219,392","186,409","1,806,515","200,915","194,937","302,772","260,486","251,094","344,208","482,307","83,068","38,006"
2018년 01월,환자수,"4,732,920","901,792","315,983","238,319","216,718","149,090","148,875","117,226","1,161,525","153,953","129,130","209,740","183,113","183,843","256,158","321,374","61,387","23,555"
2018년 01월,내원일수,"6,979,753","1,325,183","473,074","342,296","318,419","218,850","212,480","175,992","1,692,983","225,385","184,278","304,783","272,767","277,206","368,730","464,562","87,890","34,875"
2018년 02월,환자수,"3,114,588","574,716","216,520","153,269","144,645","108,458","100,318","81,000","745,168","94,519","87,573","136,643","132,589","127,812","163,707","216,389","39,732","16,089"
2018년 02월,내원일수,"4,447,420","816,228","313,974","214,148","205,165","156,943","139,709","117,975","1,058,077","133,238","120,794","190,330","191,122","184,309","224,082","303,641","54,760","22,925"
2018년 03월,환자수,"3,425,661","646,147","233,499","175,555","155,830","116,752","111,844","85,400","877,349","99,679","90,941","145,561","136,171","119,889","165,515","220,943","47,482","20,351"
2018년 03월,내원일수,"5,136,868","970,923","353,300","261,772","230,570","176,277","161,713","130,002","1,321,315","148,135","131,583","210,482","204,893","177,108","233,286","323,095","69,241","33,173"
2018년 04월,환자수,"3,683,718","717,626","248,408","188,181","170,282","121,232","125,335","93,537","956,005","106,511","98,362","152,574","139,145","119,990","170,751","234,941","47,369","21,319"
2018년 04월,내원일수,"5,573,624","1,085,884","378,844","282,082","257,171","184,167","181,212","144,101","1,450,214","159,561","142,924","222,992","210,691","177,672","243,638","347,738","69,399","35,334"
2018년 05월,환자수,"3,293,809","639,143","221,477","170,704","145,979","106,944","106,268","80,455","858,093","98,493","91,336","137,165","128,476","110,575","153,511","209,472","44,638","19,524"
2018년 05월,내원일수,"4,926,680","949,852","334,766","251,837","217,598","162,773","152,168","122,372","1,280,185","145,005","132,061","198,510","193,694","164,271","218,119","307,684","65,053","30,725"
2018년 06월,환자수,"2,614,360","500,070","180,003","136,348","116,873","83,562","81,797","65,121","686,120","74,900","71,305","108,604","101,271","83,449","122,849","169,157","36,808","16,501"
2018년 06월,내원일수,"3,933,731","749,578","275,348","203,380","175,389","127,878","117,730","99,421","1,027,595","110,693","104,048","157,650","153,964","124,237","176,287","251,213","53,572","25,748"
2018년 07월,환자수,"2,294,543","437,099","152,192","116,998","102,138","74,028","73,855","55,756","610,585","65,649","65,776","94,812","88,736","70,905","107,334","151,555","31,297","16,686"
2018년 07월,내원일수,"3,449,474","652,212","232,994","172,366","152,397","113,351","105,961","85,071","914,181","94,935","96,852","137,520","136,241","105,260","153,697","225,487","45,026","25,923"
2018년 08월,환자수,"2,081,577","394,449","137,959","104,790","91,789","68,709","69,022","48,957","548,935","61,112","57,769","88,523","84,218","69,264","97,096","135,316","29,488","14,671"
2018년 08월,내원일수,"3,044,013","566,034","211,068","149,299","134,530","103,167","96,678","73,108","790,976","85,663","81,187","126,460","126,842","101,813","135,459","197,918","41,807","22,004"
2018년 09월,환자수,"3,044,447","580,977","190,537","155,695","135,266","105,756","100,360","70,170","836,151","84,940","84,247","127,438","117,847","96,569","137,419","189,250","37,059","22,071"
2018년 09월,내원일수,"4,488,733","844,749","284,502","225,909","199,319","158,487","142,157","104,332","1,231,323","121,395","119,842","182,009","176,521","143,192","193,355","274,880","52,955","33,806"
2018년 10월,환자수,"3,592,911","694,838","237,281","183,180","158,209","117,899","115,352","85,650","948,314","100,928","96,457","153,819","140,407","116,969","167,305","230,840","46,285","23,582"
2018년 10월,내원일수,"5,368,504","1,027,248","357,924","270,050","237,297","179,908","166,635","129,417","1,419,357","147,178","139,045","222,978","213,425","173,841","238,636","340,157","68,359","37,049"
2018년 11월,환자수,"3,964,848","768,710","248,964","204,332","175,736","127,752","126,302","92,575","1,065,416","114,241","110,571","166,314","151,228","129,503","184,379","249,812","49,400","26,672"
2018년 11월,내원일수,"6,002,205","1,156,678","377,776","305,938","265,859","195,556","184,654","142,514","1,620,540","169,667","161,127","244,822","231,655","193,695","265,480","370,514","72,697","43,033"
2018년 12월,환자수,"4,553,631","863,131","299,483","223,619","205,033","144,818","150,917","110,761","1,174,118","139,938","126,717","199,988","181,828","158,278","219,410","306,322","56,303","28,307"
2018년 12월,내원일수,"6,754,627","1,276,449","448,541","326,951","303,596","215,364","216,809","166,283","1,743,755","204,027","180,740","289,110","271,144","233,402","310,464","443,394","82,389","42,209"
2019년 01월,환자수,"3,358,027","632,848","229,381","158,413","154,560","115,077","105,833","82,931","834,069","103,987","97,753","143,936","134,583","128,173","170,747","222,540","47,109","19,268"
2019년 01월,내원일수,"4,899,922","917,304","339,737","226,273","227,204","168,674","150,957","122,857","1,211,875","149,082","138,037","203,268","198,926","189,975","239,752","319,037","68,348","28,616"
2019년 02월,환자수,"2,609,169","494,998","187,205","125,849","120,447","88,222","83,833","68,228","632,351","74,903","71,764","107,870","106,980","98,087","132,504","183,500","37,178","15,340"
2019년 02월,내원일수,"3,707,948","698,407","270,111","175,067","172,493","128,192","115,986","98,495","894,691","104,080","98,552","147,774","153,779","139,398","179,890","256,546","52,233","22,254"
2019년 03월,환자수,"3,330,915","640,903","216,739","169,949","145,310","117,916","107,822","79,778","887,358","95,772","88,318","135,746","128,273","114,745","149,920","205,651","45,907","22,373"
2019년 03월,내원일수,"4,926,702","942,689","323,114","248,184","214,612","176,819","154,134","120,206","1,319,784","138,952","126,215","193,584","191,718","169,056","210,199","296,210","66,956","34,270"
2019년 04월,환자수,"3,887,897","783,841","251,069","195,542","172,791","138,428","124,861","92,990","1,026,453","111,480","102,226","154,362","148,939","130,677","172,476","236,054","48,117","25,486"
2019년 04월,내원일수,"5,841,616","1,173,267","379,694","290,110","260,162","208,864","179,982","142,307","1,547,499","163,688","148,189","222,908","224,775","196,264","246,463","346,038","71,774","39,632"
2019년 05월,환자수,"3,348,706","669,972","218,060","172,587","146,494","112,218","105,842","81,766","894,014","97,207","88,823","132,405","126,311","110,893","145,178","207,384","44,220","22,090"
2019년 05월,내원일수,"5,043,126","1,000,439","329,815","256,690","221,297","171,355","152,926","125,633","1,347,813","142,403","129,532","192,834","191,496","166,864","207,146","306,995","65,604","34,284"
2019년 06월,환자수,"2,447,393","484,457","159,242","125,800","104,128","81,845","78,273","59,867","666,435","70,148","65,795","96,740","93,215","78,417","102,626","148,646","33,267","16,984"
2019년 06월,내원일수,"3,627,053","714,951","237,279","184,290","154,467","122,474","112,345","90,586","991,137","100,495","94,490","137,637","139,144","114,321","144,621","214,715","48,269","25,832"
